begin transaction

/* truncate table APPLICATION_USER */

INSERT INTO APPLICATION_USER VALUES('administrator','3A-05-F9-CE-79-30-0E-46-85-77-BE-21-43-73-0D-15',null,null,1);
INSERT INTO APPLICATION_USER VALUES('vgallagher','9A-E2-6D-93-A6-18-51-95-F0-12-04-9A-C8-56-73-F4',null,null,1);
INSERT INTO APPLICATION_USER VALUES('khavener','8F-8E-2E-E0-A3-74-E4-8F-16-5B-DF-89-00-FB-D6-6E',null,null,1);
INSERT INTO APPLICATION_USER VALUES('dtrepanier','35-4A-0F-56-52-79-49-E9-28-79-02-25-1E-EE-2E-24',null,null,1);
INSERT INTO APPLICATION_USER VALUES('jsmith','8A-71-C1-7E-71-2C-F9-7C-70-F6-82-9D-2C-30-5D-34',null,null,1);
INSERT INTO APPLICATION_USER VALUES('jscott','59-17-EC-D4-E6-12-3E-2D-9E-AB-DF-06-99-C1-32-FE',null,null,1);
INSERT INTO APPLICATION_USER VALUES('stodd','31-7F-69-F4-50-F6-9C-E1-88-44-DA-18-BF-D8-4E-16',null,null,1);
INSERT INTO APPLICATION_USER VALUES('sdoyle','AE-E9-12-D1-B2-B7-0F-8C-78-27-FC-18-84-6C-A2-4E',null,null,1);
INSERT INTO APPLICATION_USER VALUES('jellis','FB-80-B7-58-E1-97-F6-D7-62-20-08-B9-A8-BA-1D-61',null,null,1);
INSERT INTO APPLICATION_USER VALUES('tkunstek','5A-43-10-A3-C0-46-0E-32-CA-D9-F4-BC-9A-00-44-75',null,null,1);
INSERT INTO APPLICATION_USER VALUES('fan','28-94-BF-BA-FD-47-C1-35-FF-5F-31-A7-33-65-83-5C',null,null,1);

INSERT INTO USER_GROUP VALUES('Administrators', 'System Administrators', 1);
INSERT INTO USER_GROUP VALUES('Allocators', 'Allocation Specialists', 1);
INSERT INTO USER_GROUP VALUES('Planners', 'Planning Specialists', 1);

INSERT INTO USER_GROUP_JOIN (GROUP_RID, USER_RID) VALUES(1, 1);
INSERT INTO USER_GROUP_JOIN (GROUP_RID, USER_RID) VALUES(1, 2);
INSERT INTO USER_GROUP_JOIN (GROUP_RID, USER_RID) VALUES(1, 3);
INSERT INTO USER_GROUP_JOIN (GROUP_RID, USER_RID) VALUES(1, 4);
INSERT INTO USER_GROUP_JOIN (GROUP_RID, USER_RID) VALUES(2, 2);
INSERT INTO USER_GROUP_JOIN (GROUP_RID, USER_RID) VALUES(2, 3);
INSERT INTO USER_GROUP_JOIN (GROUP_RID, USER_RID) VALUES(2, 8);
INSERT INTO USER_GROUP_JOIN (GROUP_RID, USER_RID) VALUES(2, 9);
INSERT INTO USER_GROUP_JOIN (GROUP_RID, USER_RID) VALUES(2, 10);
INSERT INTO USER_GROUP_JOIN (GROUP_RID, USER_RID) VALUES(3, 5);
INSERT INTO USER_GROUP_JOIN (GROUP_RID, USER_RID) VALUES(3, 6);
INSERT INTO USER_GROUP_JOIN (GROUP_RID, USER_RID) VALUES(3, 7);
INSERT INTO USER_GROUP_JOIN (GROUP_RID, USER_RID) VALUES(3, 11);

INSERT INTO USER_OPTIONS(USER_RID, MY_HIERARCHY, MY_HIERARCHY_COLOR, MY_WORKFLOWMETHODS) VALUES(1, 'My Products', 'default', 'My Workflow/Methods');
INSERT INTO USER_OPTIONS(USER_RID, MY_HIERARCHY, MY_HIERARCHY_COLOR, MY_WORKFLOWMETHODS) VALUES(2, 'My Products', 'default', 'My Workflow/Methods');
INSERT INTO USER_OPTIONS(USER_RID, MY_HIERARCHY, MY_HIERARCHY_COLOR, MY_WORKFLOWMETHODS) VALUES(3, 'My Products', 'default', 'My Workflow/Methods');
INSERT INTO USER_OPTIONS(USER_RID, MY_HIERARCHY, MY_HIERARCHY_COLOR, MY_WORKFLOWMETHODS) VALUES(4, 'My Products', 'default', 'My Workflow/Methods');
INSERT INTO USER_OPTIONS(USER_RID, MY_HIERARCHY, MY_HIERARCHY_COLOR, MY_WORKFLOWMETHODS) VALUES(5, 'My Products', 'default', 'My Workflow/Methods');
INSERT INTO USER_OPTIONS(USER_RID, MY_HIERARCHY, MY_HIERARCHY_COLOR, MY_WORKFLOWMETHODS) VALUES(6, 'My Products', 'default', 'My Workflow/Methods');
INSERT INTO USER_OPTIONS(USER_RID, MY_HIERARCHY, MY_HIERARCHY_COLOR, MY_WORKFLOWMETHODS) VALUES(7, 'My Products', 'default', 'My Workflow/Methods');
INSERT INTO USER_OPTIONS(USER_RID, MY_HIERARCHY, MY_HIERARCHY_COLOR, MY_WORKFLOWMETHODS) VALUES(8, 'My Products', 'default', 'My Workflow/Methods');
INSERT INTO USER_OPTIONS(USER_RID, MY_HIERARCHY, MY_HIERARCHY_COLOR, MY_WORKFLOWMETHODS) VALUES(9, 'My Products', 'default', 'My Workflow/Methods');
INSERT INTO USER_OPTIONS(USER_RID, MY_HIERARCHY, MY_HIERARCHY_COLOR, MY_WORKFLOWMETHODS) VALUES(10, 'My Products', 'default', 'My Workflow/Methods');
INSERT INTO USER_OPTIONS(USER_RID, MY_HIERARCHY, MY_HIERARCHY_COLOR, MY_WORKFLOWMETHODS) VALUES(11, 'My Products', 'default', 'My Workflow/Methods');

INSERT INTO FORECAST_VERSION(FV_ID, DESCRIPTION, PROTECT_HISTORY) VALUES('A', 'Actual', 1)
INSERT INTO FORECAST_VERSION(FV_ID, DESCRIPTION, PROTECT_HISTORY) VALUES('C', 'Action', 1)
INSERT INTO FORECAST_VERSION(FV_ID, DESCRIPTION, PROTECT_HISTORY) VALUES('B', 'Baseline', 1)

commit